{"dirs": ["/work/wew12/elasticity/finalfixed/mode_dotcross/dvox_0.050/Ebg_1000.000/Efb_5000.000/", "/work/wew12/elasticity/finalfixed/mode_cross/dvox_0.050/Ebg_1000.000/Efb_5000.000/", "/work/wew12/elasticity/finalfixed/mode_dotcross/dvox_0.050/Ebg_1000.000/Efb_10000.000/", "/work/wew12/elasticity/finalfixed/mode_cross/dvox_0.050/Ebg_1000.000/Efb_10000.000/", "/work/wew12/elasticity/finalfixed/mode_dotcross/dvox_0.050/Ebg_5000.000/Efb_10000.000/", "/work/wew12/elasticity/finalfixed/mode_cross/dvox_0.050/Ebg_5000.000/Efb_10000.000/", "/work/wew12/elasticity/finalfixed/mode_dotcross/dvox_0.050/Ebg_5000.000/Efb_1000.000/", "/work/wew12/elasticity/finalfixed/mode_cross/dvox_0.050/Ebg_5000.000/Efb_1000.000/", "/work/wew12/elasticity/finalfixed/mode_dotcross/dvox_0.050/Ebg_10000.000/Efb_5000.000/", "/work/wew12/elasticity/finalfixed/mode_cross/dvox_0.050/Ebg_10000.000/Efb_5000.000/", "/work/wew12/elasticity/finalfixed/mode_dotcross/dvox_0.050/Ebg_10000.000/Efb_1000.000/", "/work/wew12/elasticity/finalfixed/mode_cross/dvox_0.050/Ebg_10000.000/Efb_1000.000/", "/work/wew12/elasticity/finalfixed/mode_dotcross/dvox_0.050/Ebg_1000.000/Efb_1000.000/", "/work/wew12/elasticity/finalfixed/mode_cross/dvox_0.050/Ebg_1000.000/Efb_1000.000/", "/work/wew12/elasticity/finalfixed/mode_dotcross/dvox_0.050/Ebg_5000.000/Efb_5000.000/", "/work/wew12/elasticity/finalfixed/mode_cross/dvox_0.050/Ebg_5000.000/Efb_5000.000/", "/work/wew12/elasticity/finalfixed/mode_dotcross/dvox_0.050/Ebg_10000.000/Efb_10000.000/", "/work/wew12/elasticity/finalfixed/mode_cross/dvox_0.050/Ebg_10000.000/Efb_10000.000/"], "calong": [0.2660208643815201, 0.2660208643815201, null, 0.327823691460055, 0.45710627400768244, 0.45710627400768244, 0.30909090909090914, 0.30909090909090914, 0.4843962008141112, null, 0.4160839160839161, null, 0.208041958041958, 0.208041958041958, 0.39101861993428255, 0.39101861993428255, 0.5500770416024653, null], "cacross": [0.22537878787878787, 0.22537878787878787, null, 0.24401913875598083, 0.4385749385749385, 0.4385749385749385, 0.27503852080123264, 0.27503852080123264, 0.47035573122529645, null, 0.34526112185686647, null, 0.208041958041958, 0.208041958041958, 0.39101861993428255, 0.39101861993428255, 0.5500770416024653, null]}